Actual,Predicted
3,3.0000000000000027
5,5.000000000000003
7,7.000000000000003
9,9.000000000000004
11,11.000000000000004
13,13.000000000000004
15,15.000000000000004
17,17.000000000000004
19,19.000000000000004
21,21.000000000000004
